student_id,enrollment_date,grade,track,city_tier,parent_involvement,plan_type,tenure_months,program_adherence_rate,weekly_study_hours_planned,weekly_study_hours_actual,message_response_time_hours,late_response_count_30d,trial_exam_count_total,trial_exam_avg_net,trial_exam_score_trend,missed_trial_exam_count,payment_delay_days_avg,support_ticket_count_90d,satisfaction_survey_score,monthly_fee_try,mentor_contact_freq_per_month,days_to_next_exam,days_since_last_contact
2026-OGR-0001,2025-05-31,11. Sınıf,Sayısal,Tier 2,Orta,3 Aylık,2.7,0.92,12.3,10.6,0.5,3,13,54.61,1.68,1,1.48,2,2.7,14726.6,1.3,530,7
2026-OGR-0002,2025-03-04,12. Sınıf,Sözel,Tier 1 (Büyükşehir),Düşük,Aylık,2.7,0.75,11.9,10.2,25.76,1,9,77.98,-1.75,2,3.99,1,3.8,4631.28,1.7,388,8
2026-OGR-0003,2025-06-30,12. Sınıf,Sayısal,Tier 1 (Büyükşehir),Yüksek,3 Aylık,11.2,0.93,19.4,20.2,1.76,3,6,70.15,-2.29,4,1.8,0,3.1,5054.85,2.8,65,6
2026-OGR-0005,2025-07-30,12. Sınıf,Sayısal,Tier 2,Yüksek,Yıllık,2.7,0.72,6.6,3.5,15.5,6,8,42.7,1.07,3,0.35,0,4.2,1820.79,2.9,417,8
2026-OGR-0008,2025-12-30,Mezun,Eşit Ağırlık,Tier 1 (Büyükşehir),Orta,3 Aylık,1.9,0.56,12.4,7.9,48.69,1,11,65.89,0.59,0,6.1,0,4.2,4373.64,3.2,125,6
2026-OGR-0009,2026-03-04,Mezun,Sayısal,Tier 2,Yüksek,Aylık,6.0,0.92,5.3,5.3,9.78,2,11,50.12,-1.3,1,1.6,1,5.0,4691.16,4.3,675,3
2026-OGR-0010,2025-07-18,11. Sınıf,Sözel,Tier 2,Düşük,Yıllık,6.5,0.48,17.0,6.6,19.74,1,18,50.95,6.65,2,3.19,0,3.3,5319.52,4.2,461,6
2026-OGR-0011,2026-04-18,Mezun,Dil,Tier 3,Yüksek,Yıllık,13.5,0.59,14.8,12.0,3.33,4,9,49.21,0.36,0,2.1,3,3.7,4743.09,5.9,250,12
2026-OGR-0012,2025-04-11,Mezun,Sayısal,Tier 1 (Büyükşehir),Yüksek,Yıllık,4.1,0.55,21.9,11.5,8.76,1,13,27.01,-3.29,3,1.39,3,,3978.64,1.4,285,9
2026-OGR-0014,2025-09-05,12. Sınıf,Eşit Ağırlık,Tier 2,Düşük,3 Aylık,5.2,0.7,10.9,8.8,8.87,5,13,51.29,1.0,0,4.76,1,3.9,1713.33,2.4,202,12
2026-OGR-0015,2025-03-21,11. Sınıf,Sayısal,Tier 1 (Büyükşehir),Orta,3 Aylık,2.8,0.75,11.7,,21.75,1,12,55.52,-0.49,1,5.03,2,3.1,4301.2,0.4,672,11
2026-OGR-0016,2026-01-20,12. Sınıf,Eşit Ağırlık,Tier 3,Orta,Yıllık,5.5,0.48,11.6,6.6,3.34,2,10,37.26,-2.61,0,0.4,0,4.1,4683.69,1.9,32,14
2026-OGR-0017,2025-02-22,11. Sınıf,Dil,Tier 1 (Büyükşehir),Orta,Yıllık,7.4,0.5,13.0,7.6,1.14,0,6,76.27,-0.87,3,1.69,2,3.3,16687.39,1.7,159,6
2026-OGR-0018,2025-02-10,11. Sınıf,Eşit Ağırlık,Tier 2,Düşük,3 Aylık,7.2,0.75,20.6,17.0,40.8,2,10,57.22,-0.65,1,2.81,0,4.8,1943.15,2.3,24,6
2026-OGR-0019,2025-06-08,12. Sınıf,Sözel,Tier 1 (Büyükşehir),Yüksek,Aylık,5.6,0.53,16.6,10.4,9.1,1,9,64.25,0.37,1,1.0,0,3.5,4805.28,1.0,458,7
2026-OGR-0020,2026-04-14,11. Sınıf,Sayısal,Tier 1 (Büyükşehir),Orta,3 Aylık,4.1,0.61,13.5,8.4,11.5,1,7,62.29,-3.68,1,2.55,2,3.1,1917.2,2.9,533,9
2026-OGR-0021,2026-01-11,11. Sınıf,Eşit Ağırlık,Tier 1 (Büyükşehir),Yüksek,3 Aylık,9.5,0.85,15.7,13.3,19.58,1,8,65.27,2.78,1,4.33,0,3.8,5689.49,2.9,679,12
2026-OGR-0023,2026-05-27,12. Sınıf,Sözel,Tier 1 (Büyükşehir),Düşük,Aylık,3.3,0.72,11.5,8.7,7.66,1,11,62.98,0.95,3,14.37,1,,20297.05,2.3,226,10
2026-OGR-0024,2025-03-10,12. Sınıf,Eşit Ağırlık,Tier 2,Orta,3 Aylık,4.4,0.89,7.6,8.4,7.03,0,10,66.46,6.56,2,1.16,3,4.4,5076.14,1.6,101,4
2026-OGR-0026,2025-07-31,12. Sınıf,Eşit Ağırlık,Tier 1 (Büyükşehir),Orta,Aylık,11.8,0.48,14.4,6.9,35.18,3,15,53.54,-4.05,0,1.16,0,4.3,16576.79,2.7,394,15
2026-OGR-0027,2026-01-05,11. Sınıf,Sayısal,Tier 2,Yüksek,Aylık,1.1,0.63,15.9,11.3,7.35,1,12,42.32,-4.37,1,1.29,2,4.0,1471.12,3.9,423,13
2026-OGR-0028,2025-04-04,12. Sınıf,Sayısal,Tier 1 (Büyükşehir),Yüksek,Aylık,13.8,0.62,15.5,11.2,14.07,1,8,54.5,1.35,1,18.79,3,4.2,1827.93,1.2,136,10
2026-OGR-0029,2025-08-28,12. Sınıf,Dil,Tier 1 (Büyükşehir),Orta,3 Aylık,3.1,0.75,13.4,8.7,10.96,0,11,35.38,-3.57,0,5.68,0,3.7,5047.31,1.9,501,3
2026-OGR-0030,2025-11-20,11. Sınıf,Eşit Ağırlık,Tier 2,Düşük,Yıllık,3.9,0.92,18.0,17.2,31.85,4,7,66.41,0.71,3,5.52,0,3.3,4469.62,4.1,342,8
2026-OGR-0031,2026-05-30,11. Sınıf,Eşit Ağırlık,Tier 1 (Büyükşehir),Orta,3 Aylık,1.4,0.85,14.7,14.7,16.1,2,17,54.59,-1.62,2,1.38,0,4.2,4346.94,2.8,543,4
2026-OGR-0032,2025-11-14,Mezun,Sözel,Tier 3,Yüksek,Aylık,1.9,0.79,18.9,16.4,12.29,2,14,71.62,-5.23,3,1.87,2,4.4,1921.97,2.5,8,6
2026-OGR-0034,2025-10-29,12. Sınıf,Sayısal,Tier 2,Orta,Aylık,1.7,0.77,17.0,14.0,18.76,1,6,41.84,4.38,1,7.29,0,3.6,1909.01,2.9,284,10
2026-OGR-0036,2025-01-15,11. Sınıf,Sözel,Tier 2,Orta,Aylık,7.9,0.93,11.2,10.6,5.36,1,12,52.12,-1.53,0,1.92,2,4.2,1831.05,1.3,277,11
2026-OGR-0037,2026-06-09,12. Sınıf,Sözel,Tier 3,Orta,Aylık,13.0,0.83,22.2,18.6,8.69,0,15,46.55,2.45,2,10.33,1,4.3,5278.14,2.0,565,8
2026-OGR-0040,2025-09-27,12. Sınıf,Sayısal,Tier 1 (Büyükşehir),Orta,Aylık,4.0,0.79,14.2,7.0,43.02,2,7,50.17,1.58,0,0.39,1,5.0,14901.3,1.8,82,7
2026-OGR-0041,2026-04-19,12. Sınıf,Sözel,Tier 2,Yüksek,Aylık,2.4,0.48,11.1,5.1,9.14,3,10,84.79,-3.92,1,0.97,2,3.5,5951.46,4.5,405,16
2026-OGR-0042,2025-09-04,12. Sınıf,Sözel,Tier 3,Orta,Yıllık,2.7,0.58,14.3,9.0,21.43,0,12,54.35,2.38,1,0.27,0,3.6,1773.99,1.8,383,5
2026-OGR-0043,2025-01-30,11. Sınıf,Eşit Ağırlık,Tier 2,Yüksek,3 Aylık,15.0,0.7,10.6,7.4,9.81,4,8,54.93,-0.62,1,0.59,0,4.7,1693.37,2.1,381,8
2026-OGR-0044,2026-02-17,Mezun,Sayısal,Tier 2,Yüksek,3 Aylık,4.2,0.83,10.4,8.9,8.44,1,11,50.92,1.4,1,6.09,0,3.9,15867.76,2.4,675,8
2026-OGR-0045,2026-06-09,11. Sınıf,Sözel,Tier 1 (Büyükşehir),Yüksek,Aylık,3.2,0.76,12.2,11.2,27.33,2,7,54.54,-3.65,1,1.41,2,,17109.24,2.2,408,5
2026-OGR-0046,2025-04-16,Mezun,Sayısal,Tier 1 (Büyükşehir),Yüksek,Aylık,4.7,0.81,11.2,11.2,31.94,4,10,59.45,0.6,1,3.4,1,4.7,18427.57,5.1,105,4
2026-OGR-0047,2025-09-07,12. Sınıf,Eşit Ağırlık,Tier 1 (Büyükşehir),Yüksek,Aylık,3.6,0.84,9.3,,3.46,1,13,38.73,-6.15,1,2.01,2,3.6,1718.65,1.2,305,5
2026-OGR-0048,2025-12-08,12. Sınıf,Sayısal,Tier 1 (Büyükşehir),Orta,Aylık,1.0,0.61,12.0,6.1,15.0,2,8,38.48,1.52,2,0.9,3,4.7,4481.1,1.8,623,6
2026-OGR-0049,2025-09-19,12. Sınıf,Sözel,Tier 3,Orta,Yıllık,8.2,0.82,17.6,14.9,14.24,4,13,45.93,8.21,2,0.94,1,3.5,1722.23,2.4,463,8
2026-OGR-0050,2026-01-24,12. Sınıf,Eşit Ağırlık,Tier 1 (Büyükşehir),Düşük,Aylık,0.5,0.65,11.1,6.9,4.05,1,12,66.71,-5.11,4,1.36,1,5.0,13798.9,1.7,6,9
2026-OGR-0051,2025-02-09,11. Sınıf,Eşit Ağırlık,Tier 3,Yüksek,3 Aylık,8.5,0.98,12.7,9.0,9.48,2,10,40.05,0.3,1,12.18,0,2.6,1950.53,4.0,470,11
2026-OGR-0052,2025-03-31,12. Sınıf,Sözel,Tier 1 (Büyükşehir),Yüksek,Aylık,4.6,0.92,13.2,13.8,28.94,3,10,41.72,1.64,3,11.47,1,3.4,4833.85,1.6,522,11
2026-OGR-0054,2025-05-03,Mezun,Sayısal,Tier 2,Yüksek,Yıllık,3.5,0.77,11.7,14.6,5.6,4,19,58.71,-2.33,2,0.95,3,4.2,1839.0,3.6,319,8
2026-OGR-0055,2025-02-06,12. Sınıf,Eşit Ağırlık,Tier 2,Yüksek,3 Aylık,8.0,0.53,19.0,10.2,12.02,1,10,48.09,-1.23,0,0.17,3,,1735.87,4.9,517,5
2026-OGR-0056,2025-11-09,12. Sınıf,Eşit Ağırlık,Tier 2,Düşük,3 Aylık,9.8,0.93,13.4,16.8,12.83,1,7,50.3,0.97,1,0.59,1,4.1,15478.79,3.1,52,8
2026-OGR-0057,2026-01-26,11. Sınıf,Sayısal,Tier 1 (Büyükşehir),Düşük,Aylık,3.3,0.43,13.2,6.3,21.39,0,11,66.39,-4.62,1,7.61,0,3.4,1665.82,3.0,487,7
2026-OGR-0061,2025-08-08,12. Sınıf,Sözel,Tier 1 (Büyükşehir),Yüksek,Aylık,1.8,0.64,10.0,7.4,12.11,1,11,38.84,1.68,2,3.71,0,4.6,4976.55,4.7,274,11
2026-OGR-0062,2026-01-14,12. Sınıf,Sayısal,Tier 1 (Büyükşehir),,Aylık,4.0,0.76,15.8,,1.3,2,11,39.76,-0.64,2,0.42,2,3.2,1886.58,2.3,513,11
2026-OGR-0063,2025-04-07,Mezun,Sayısal,Tier 3,Orta,3 Aylık,5.2,0.93,21.1,17.9,14.82,4,12,65.98,3.31,0,0.88,4,3.3,1547.93,1.9,595,13
2026-OGR-0064,2025-12-15,12. Sınıf,Eşit Ağırlık,Tier 2,Orta,Aylık,2.8,0.78,17.7,13.8,11.61,0,9,,-0.51,0,2.44,1,4.6,1688.9,3.3,351,8
2026-OGR-0066,2026-06-27,12. Sınıf,Sözel,Tier 2,Orta,Aylık,3.9,0.55,14.8,9.7,6.65,1,13,72.63,-1.79,0,2.49,3,,5838.46,2.6,526,6
2026-OGR-0067,2025-12-21,11. Sınıf,Eşit Ağırlık,Tier 1 (Büyükşehir),Orta,3 Aylık,19.8,0.81,12.7,10.8,5.25,2,12,59.48,-1.81,3,26.21,1,3.2,1845.1,2.2,337,4
2026-OGR-0068,2026-03-13,12. Sınıf,Sayısal,Tier 2,Orta,Yıllık,5.6,0.59,12.8,7.9,9.25,6,10,60.44,-5.33,0,2.67,1,2.7,4332.56,1.9,379,14
2026-OGR-0071,2025-03-08,12. Sınıf,Eşit Ağırlık,Tier 1 (Büyükşehir),Orta,Aylık,1.2,0.54,8.6,4.3,16.8,1,9,55.14,2.87,0,2.0,2,3.9,18623.95,3.3,411,11
2026-OGR-0075,2025-02-09,Mezun,Eşit Ağırlık,Tier 3,Orta,Aylık,6.0,0.82,19.6,20.4,8.78,3,16,50.67,2.92,1,0.76,1,2.8,1580.64,2.7,233,12
2026-OGR-0076,2025-11-05,12. Sınıf,Eşit Ağırlık,Tier 2,Orta,Aylık,5.7,0.52,12.9,5.9,9.53,0,13,68.09,-2.16,1,4.32,1,2.5,19490.78,4.7,478,11
2026-OGR-0077,2025-08-20,Mezun,Sayısal,Tier 1 (Büyükşehir),Yüksek,Aylık,2.1,0.76,19.4,16.6,0.35,1,14,68.43,-2.29,3,5.27,2,,5225.97,2.6,483,11
2026-OGR-0078,2025-04-07,12. Sınıf,Sözel,Tier 2,,Aylık,1.2,0.77,11.7,7.0,23.48,3,7,39.47,-1.77,2,1.03,0,1.4,1546.8,3.5,332,13
2026-OGR-0079,2025-10-09,12. Sınıf,Eşit Ağırlık,Tier 1 (Büyükşehir),Yüksek,3 Aylık,12.9,0.72,12.6,8.2,9.11,2,5,46.07,-2.65,2,5.09,2,3.1,18789.42,1.2,44,9
2026-OGR-0081,2025-09-24,Mezun,Eşit Ağırlık,Tier 2,Orta,Aylık,3.7,0.8,13.6,9.8,28.86,3,13,52.13,0.08,2,1.0,2,5.0,1965.01,2.8,488,5
2026-OGR-0082,2025-05-22,11. Sınıf,Sayısal,Tier 1 (Büyükşehir),Yüksek,Yıllık,10.9,0.73,14.5,11.4,2.09,3,10,38.85,-2.91,3,0.89,1,3.8,1871.89,4.8,265,7
2026-OGR-0083,2026-04-06,11. Sınıf,Sayısal,Tier 1 (Büyükşehir),,3 Aylık,8.8,0.37,15.9,4.8,6.08,2,8,75.03,-4.48,1,9.2,0,3.4,1894.89,0.8,457,15
2026-OGR-0085,2025-10-22,12. Sınıf,Eşit Ağırlık,Tier 3,Düşük,Yıllık,2.4,0.31,4.3,1.6,5.32,3,7,62.95,0.35,3,4.21,0,5.0,1805.05,3.3,525,9
2026-OGR-0086,2025-04-08,12. Sınıf,Sayısal,Tier 2,Düşük,Aylık,2.3,0.97,10.6,,12.41,0,11,50.58,3.57,2,4.03,1,3.1,2054.39,2.1,32,3
2026-OGR-0088,2025-04-18,11. Sınıf,Sayısal,Tier 2,Orta,Aylık,7.7,0.95,19.5,11.7,16.55,1,8,71.69,-0.17,1,6.13,1,3.8,4870.45,3.9,582,12
2026-OGR-0089,2025-06-27,Mezun,Sözel,Tier 1 (Büyükşehir),Düşük,Aylık,8.7,0.47,5.4,3.1,23.14,3,15,52.84,-3.49,1,1.22,2,3.4,13250.17,2.6,490,8
2026-OGR-0090,2026-04-01,Mezun,Sayısal,Tier 1 (Büyükşehir),Orta,Aylık,11.9,0.8,11.2,9.4,3.44,2,11,42.78,-3.11,0,4.73,0,3.3,5612.36,3.0,488,11
2026-OGR-0091,2025-06-23,Mezun,Eşit Ağırlık,Tier 3,,3 Aylık,1.3,0.64,6.1,3.5,19.53,2,10,52.78,4.14,1,2.6,0,3.3,16651.73,5.5,394,11
2026-OGR-0093,2026-02-02,12. Sınıf,Sayısal,Tier 3,Yüksek,Aylık,2.5,0.86,12.1,9.0,33.29,4,5,39.02,-1.74,0,2.68,0,4.6,4998.74,3.3,690,11
2026-OGR-0094,2025-10-27,11. Sınıf,Eşit Ağırlık,Tier 1 (Büyükşehir),Düşük,3 Aylık,9.7,0.48,12.3,7.6,10.19,0,8,68.72,5.74,1,2.86,3,3.2,15023.61,2.4,340,13
2026-OGR-0095,2025-05-04,Mezun,Sözel,Tier 1 (Büyükşehir),Orta,3 Aylık,2.4,0.82,9.8,3.3,4.74,0,7,58.58,0.19,1,2.16,1,2.6,4814.03,1.0,556,9
2026-OGR-0096,2025-10-05,12. Sınıf,Sayısal,Tier 1 (Büyükşehir),Orta,3 Aylık,6.8,0.87,20.8,18.6,26.13,4,7,53.25,1.37,2,5.33,1,4.0,4612.19,1.6,153,14
2026-OGR-0097,2025-12-25,Mezun,Sayısal,Tier 2,Yüksek,Aylık,17.3,0.81,14.8,9.5,14.59,2,9,51.24,3.75,1,4.44,3,,16126.65,1.8,438,7
2026-OGR-0098,2025-11-30,11. Sınıf,Sayısal,Tier 2,Orta,Aylık,1.9,0.91,14.1,13.1,4.2,2,15,58.4,0.56,1,1.97,1,3.8,1813.83,1.8,568,13
2026-OGR-0099,2025-05-11,12. Sınıf,Sayısal,Tier 2,Orta,Aylık,6.9,0.88,13.7,10.8,12.13,4,14,47.72,-2.46,1,0.55,1,3.5,1820.54,4.0,683,7
2026-OGR-0100,2025-05-27,Mezun,Eşit Ağırlık,Tier 1 (Büyükşehir),Yüksek,Aylık,2.9,0.81,8.5,8.6,2.39,2,15,36.38,2.39,1,3.99,2,,2084.76,2.3,664,9
2026-OGR-0105,2026-02-28,11. Sınıf,Sözel,Tier 3,Düşük,Aylık,2.8,0.62,7.8,5.3,11.68,4,11,67.46,1.0,0,5.0,0,3.6,4272.73,3.3,507,9
2026-OGR-0106,2025-06-17,12. Sınıf,Eşit Ağırlık,Tier 3,Orta,Aylık,2.0,0.87,14.6,12.4,11.3,3,13,69.15,-4.81,1,1.23,1,3.9,5796.16,2.7,583,7
2026-OGR-0107,2025-12-29,11. Sınıf,Eşit Ağırlık,Tier 1 (Büyükşehir),Düşük,Aylık,5.8,0.89,15.4,14.3,2.59,1,11,27.41,2.67,0,6.85,1,4.3,4927.72,1.4,631,6
2026-OGR-0109,2025-11-12,11. Sınıf,Dil,Tier 1 (Büyükşehir),Orta,Aylık,2.2,0.78,16.1,12.5,11.33,3,14,,-0.72,2,1.72,1,3.1,1624.24,4.2,31,10
2026-OGR-0110,2025-03-19,Mezun,Sayısal,Tier 2,Düşük,Aylık,6.2,0.52,11.9,6.7,7.21,3,10,42.47,-1.19,1,5.82,0,5.0,16238.05,2.4,670,10
2026-OGR-0111,2026-06-20,Mezun,Sayısal,Tier 1 (Büyükşehir),Yüksek,3 Aylık,3.7,0.75,7.1,4.8,58.0,2,11,24.51,-1.68,1,6.64,2,3.1,2090.05,3.9,260,10
2026-OGR-0113,2026-02-24,11. Sınıf,Sayısal,Tier 1 (Büyükşehir),Orta,Aylık,1.5,0.9,14.1,15.5,6.69,2,14,45.54,1.25,0,2.96,0,3.0,1656.32,2.2,573,7
2026-OGR-0114,2025-11-20,12. Sınıf,Eşit Ağırlık,Tier 2,Orta,3 Aylık,11.4,0.47,15.5,8.2,25.59,2,14,55.53,3.62,1,7.7,2,4.4,1906.57,0.5,301,11
2026-OGR-0115,2026-05-09,12. Sınıf,Sayısal,Tier 1 (Büyükşehir),Orta,Aylık,1.0,0.84,13.2,10.6,12.64,5,12,70.74,0.98,1,4.8,2,3.7,4167.02,3.5,241,8
2026-OGR-0116,2025-03-20,11. Sınıf,Eşit Ağırlık,Tier 2,Düşük,3 Aylık,8.1,0.71,16.3,9.8,36.43,4,15,53.77,-2.27,1,3.82,0,3.4,4901.86,1.1,458,7
2026-OGR-0117,2025-07-07,11. Sınıf,Eşit Ağırlık,Tier 2,Yüksek,3 Aylık,7.8,0.69,11.8,9.5,10.64,6,7,45.3,-2.12,0,1.72,2,4.3,5188.21,3.5,249,6
2026-OGR-0118,2026-04-22,Mezun,Eşit Ağırlık,Tier 1 (Büyükşehir),Orta,Yıllık,5.9,0.63,10.2,5.5,2.12,3,9,33.55,-0.04,1,3.72,0,,4639.68,3.1,517,12
2026-OGR-0119,2025-08-12,12. Sınıf,Sayısal,Tier 2,Orta,Aylık,9.1,0.77,18.1,14.1,9.79,1,9,36.64,0.12,1,6.56,1,3.5,16957.65,5.8,499,9
2026-OGR-0120,2026-03-27,12. Sınıf,Eşit Ağırlık,Tier 1 (Büyükşehir),Orta,Aylık,1.5,0.67,9.2,9.1,5.71,6,12,24.11,4.51,1,7.2,0,4.4,4732.05,3.0,127,7
2026-OGR-0121,2026-03-14,12. Sınıf,Sayısal,Tier 1 (Büyükşehir),Yüksek,Aylık,6.7,0.85,14.8,9.3,3.67,1,11,,-0.3,0,1.69,1,,4580.18,1.7,372,15
2026-OGR-0122,2025-02-12,11. Sınıf,Eşit Ağırlık,Tier 1 (Büyükşehir),Düşük,Aylık,9.0,0.7,11.0,8.2,6.68,3,9,33.72,1.74,2,3.77,1,5.0,5976.38,5.2,161,8
2026-OGR-0123,2025-08-09,12. Sınıf,Eşit Ağırlık,Tier 2,Düşük,Aylık,8.2,0.98,14.8,14.0,9.95,0,7,84.88,-0.89,1,2.34,0,3.7,1862.76,0.9,568,9
2026-OGR-0124,2026-03-18,12. Sınıf,Sayısal,Tier 3,Orta,Aylık,6.4,0.77,23.0,,6.29,1,5,39.89,-4.17,1,4.45,1,4.5,1575.26,3.5,676,9
2026-OGR-0125,2025-12-18,Mezun,Sayısal,Tier 2,Düşük,3 Aylık,3.1,0.52,19.3,11.7,4.06,3,7,58.6,-5.87,0,1.66,1,4.0,1566.47,1.5,678,6
2026-OGR-0126,2025-05-05,Mezun,Sayısal,Tier 1 (Büyükşehir),Yüksek,3 Aylık,8.6,0.57,9.5,4.6,10.86,4,12,39.53,0.91,1,0.53,3,5.0,5432.15,2.2,312,12
2026-OGR-0127,2026-01-18,11. Sınıf,Eşit Ağırlık,Tier 2,Düşük,3 Aylık,2.6,0.56,13.9,5.0,14.25,2,12,66.64,-1.36,2,0.42,1,3.5,1781.3,3.5,322,6
2026-OGR-0128,2026-04-29,Mezun,Sayısal,Tier 1 (Büyükşehir),Orta,Yıllık,12.0,0.69,12.0,5.8,12.25,1,7,39.05,-3.85,0,0.55,0,4.0,1966.27,3.7,359,9
2026-OGR-0129,2025-04-17,12. Sınıf,Sayısal,Tier 1 (Büyükşehir),Yüksek,3 Aylık,6.4,0.7,12.8,9.8,17.02,2,14,47.92,-1.05,2,1.11,2,,1582.26,3.1,626,12
2026-OGR-0131,2026-05-09,Mezun,Sayısal,Tier 2,Orta,Aylık,5.0,0.72,13.4,10.6,7.43,1,11,49.86,-3.27,3,8.46,1,3.5,1318.23,2.8,326,6
2026-OGR-0132,2025-07-17,11. Sınıf,Dil,Tier 2,Orta,3 Aylık,12.3,0.89,10.5,11.2,15.16,6,18,54.07,-3.56,1,6.01,0,4.5,1995.97,3.8,178,9
2026-OGR-0133,2025-01-09,Mezun,Sayısal,Tier 2,Düşük,3 Aylık,0.6,0.8,13.2,9.9,19.79,1,12,58.36,1.44,1,2.11,0,4.6,5034.89,3.1,67,6
2026-OGR-0134,2025-05-07,12. Sınıf,Sayısal,Tier 1 (Büyükşehir),Yüksek,3 Aylık,2.9,0.59,13.9,3.8,7.29,3,16,46.53,1.15,0,6.31,4,3.2,1782.86,2.7,86,6
2026-OGR-0135,2026-04-20,Mezun,Sayısal,Tier 2,Düşük,Aylık,4.7,0.91,16.0,13.1,7.42,2,19,45.94,1.12,0,1.28,3,4.2,5218.53,1.7,643,9
2026-OGR-0136,2025-03-11,Mezun,Sözel,Tier 3,Düşük,3 Aylık,9.0,0.76,13.1,9.1,1.99,2,15,42.51,4.09,3,4.01,0,4.4,17147.99,0.7,82,12
2026-OGR-0137,2026-02-16,11. Sınıf,Sayısal,Tier 1 (Büyükşehir),Orta,3 Aylık,4.7,0.91,17.6,15.9,17.64,3,20,56.94,5.03,2,0.42,2,,4286.81,3.3,445,15
2026-OGR-0138,2025-03-10,12. Sınıf,Eşit Ağırlık,Tier 2,Orta,3 Aylık,9.1,0.65,11.4,9.2,6.85,1,19,73.59,3.7,1,4.71,1,,1704.13,4.7,46,8
2026-OGR-0139,2025-10-14,11. Sınıf,Sayısal,Tier 1 (Büyükşehir),Orta,Yıllık,1.7,0.92,12.9,14.4,2.77,2,14,35.24,-3.23,4,1.29,2,3.8,1754.76,1.0,375,8
2026-OGR-0140,2026-06-19,11. Sınıf,Dil,Tier 2,Yüksek,Yıllık,2.0,0.85,18.5,11.6,26.7,0,16,46.99,0.68,1,8.88,0,,2045.77,1.3,215,12
2026-OGR-0141,2026-03-11,11. Sınıf,Eşit Ağırlık,Tier 2,Düşük,Aylık,0.9,0.9,12.4,11.2,4.29,1,10,49.85,8.8,0,9.72,0,,1685.07,0.9,436,10
2026-OGR-0143,2026-02-11,12. Sınıf,Sayısal,Tier 2,Yüksek,Aylık,1.5,0.55,14.6,8.7,6.77,3,8,56.41,-1.22,4,1.03,1,3.8,17779.81,2.4,623,3
2026-OGR-0144,2026-06-17,12. Sınıf,Sayısal,Tier 1 (Büyükşehir),Yüksek,Yıllık,3.6,0.45,15.7,5.5,23.24,2,10,42.32,0.2,4,0.49,0,,1848.58,5.3,329,13
2026-OGR-0145,2026-02-15,Mezun,Sayısal,Tier 1 (Büyükşehir),Orta,Yıllık,4.9,0.93,8.5,,8.53,5,13,69.31,1.19,4,13.35,1,4.2,6034.01,3.5,598,5
2026-OGR-0148,2025-06-18,Mezun,Eşit Ağırlık,Tier 2,Orta,Aylık,2.6,0.71,7.3,4.6,4.72,3,15,37.44,1.85,1,1.74,0,3.8,1910.05,1.9,24,8
2026-OGR-0149,2025-03-23,12. Sınıf,Sayısal,Tier 1 (Büyükşehir),Yüksek,3 Aylık,7.7,0.59,15.5,11.0,4.03,4,9,76.0,-3.24,1,0.72,1,3.2,4303.26,3.6,146,9
2026-OGR-0150,2026-06-27,Mezun,Sayısal,Tier 1 (Büyükşehir),Yüksek,Yıllık,11.1,0.66,13.8,,5.48,5,9,,-2.41,1,1.98,3,2.4,1780.13,1.4,360,10
2026-OGR-0151,2026-06-08,12. Sınıf,Sayısal,Tier 1 (Büyükşehir),Orta,Yıllık,3.3,0.83,15.5,13.7,21.41,1,8,27.96,-2.57,2,2.3,1,3.8,1733.98,2.7,21,10
2026-OGR-0152,2025-06-05,12. Sınıf,Sözel,Tier 1 (Büyükşehir),Yüksek,Yıllık,11.3,0.81,13.8,11.6,2.37,2,14,50.6,-4.24,3,5.65,0,3.5,1987.85,1.6,233,7
2026-OGR-0153,2025-09-13,12. Sınıf,Eşit Ağırlık,Tier 3,Orta,3 Aylık,3.0,0.89,8.1,6.2,3.41,1,15,68.95,-4.04,0,1.4,1,3.1,1704.04,0.7,569,10
2026-OGR-0154,2025-08-28,12. Sınıf,Eşit Ağırlık,Tier 1 (Büyükşehir),Düşük,Yıllık,2.5,0.62,15.9,9.7,13.59,3,5,50.0,4.02,1,1.43,1,4.2,1960.51,2.2,460,16
2026-OGR-0155,2025-10-19,Mezun,Sayısal,Tier 3,Orta,Aylık,3.8,0.69,11.9,9.5,15.61,1,11,61.09,-2.11,1,4.14,0,2.6,5404.82,3.8,36,7
2026-OGR-0156,2025-05-21,12. Sınıf,Eşit Ağırlık,Tier 1 (Büyükşehir),Yüksek,3 Aylık,1.0,0.73,13.3,5.5,3.1,4,10,63.55,4.69,1,2.07,1,3.8,1680.67,1.3,86,8
2026-OGR-0157,2025-02-15,12. Sınıf,Eşit Ağırlık,Tier 1 (Büyükşehir),Yüksek,3 Aylık,1.4,0.75,13.3,9.9,19.58,3,17,28.53,8.12,1,3.14,5,4.1,1914.6,1.4,452,11
2026-OGR-0158,2025-08-04,12. Sınıf,Eşit Ağırlık,Tier 2,Yüksek,3 Aylık,5.8,0.42,10.1,3.6,10.1,1,15,71.8,9.63,1,1.46,1,4.1,6024.4,2.6,574,11
2026-OGR-0160,2025-08-23,12. Sınıf,Sayısal,Tier 1 (Büyükşehir),Düşük,Aylık,3.8,0.68,8.7,7.0,1.99,2,8,40.7,0.7,1,3.8,1,5.0,19363.06,1.8,96,9
2026-OGR-0162,2026-01-13,12. Sınıf,Eşit Ağırlık,Tier 1 (Büyükşehir),Yüksek,3 Aylık,10.8,0.62,9.7,5.0,15.7,1,10,59.35,4.47,2,7.99,1,4.3,1639.98,1.3,352,13
2026-OGR-0163,2025-02-09,Mezun,Sayısal,Tier 3,Orta,3 Aylık,4.2,0.72,9.5,6.8,10.33,2,10,51.72,2.62,2,2.22,1,5.0,4988.63,0.5,20,5
2026-OGR-0164,2025-03-22,Mezun,Sayısal,Tier 3,Düşük,3 Aylık,5.8,0.65,13.7,10.1,14.18,3,11,10.39,-2.21,1,6.1,1,4.5,4252.88,5.6,353,15
2026-OGR-0165,2025-08-12,11. Sınıf,Eşit Ağırlık,Tier 2,Orta,Yıllık,10.2,0.6,13.5,7.5,16.51,1,6,16.24,-0.41,1,0.89,1,3.3,1942.44,2.7,536,7
2026-OGR-0167,2025-06-08,11. Sınıf,Sözel,Tier 2,Yüksek,Yıllık,6.5,0.75,11.9,7.4,23.47,3,10,66.46,2.2,0,2.09,1,4.5,1778.22,1.8,533,11
2026-OGR-0169,2025-03-11,11. Sınıf,Eşit Ağırlık,Tier 1 (Büyükşehir),Yüksek,3 Aylık,2.9,0.77,16.5,,26.84,5,12,47.6,-0.03,2,0.5,1,3.5,1668.62,3.2,439,8
2026-OGR-0171,2025-05-17,11. Sınıf,Sayısal,Tier 1 (Büyükşehir),Orta,3 Aylık,2.0,0.84,16.1,15.1,6.28,2,10,57.99,7.17,3,13.74,0,4.0,15563.16,3.7,170,5
2026-OGR-0173,2026-02-13,11. Sınıf,Eşit Ağırlık,Tier 2,Orta,Yıllık,0.9,0.57,11.4,,3.13,3,17,37.55,0.43,2,4.55,3,3.2,18772.72,0.5,654,10
2026-OGR-0174,2025-07-30,Mezun,Eşit Ağırlık,Tier 1 (Büyükşehir),Orta,3 Aylık,12.4,0.81,18.2,15.2,25.2,3,12,46.61,-4.24,1,3.88,1,4.3,1839.9,1.1,449,7
2026-OGR-0175,2026-03-01,12. Sınıf,Sayısal,Tier 1 (Büyükşehir),Yüksek,Aylık,4.4,0.65,13.0,10.5,9.71,1,8,49.06,0.76,1,10.72,3,2.9,4267.5,4.0,365,7
2026-OGR-0177,2025-07-08,12. Sınıf,Sözel,Tier 1 (Büyükşehir),Orta,Yıllık,8.4,0.54,10.1,4.6,3.47,1,7,61.31,-7.68,1,0.15,0,4.2,1823.69,5.0,154,9
2026-OGR-0179,2025-07-22,12. Sınıf,Sayısal,Tier 1 (Büyükşehir),Orta,3 Aylık,10.1,0.43,18.3,8.9,3.96,3,8,37.31,0.15,1,0.52,2,4.0,4890.48,6.5,664,15
2026-OGR-0180,2026-02-05,12. Sınıf,Sayısal,Tier 2,Yüksek,3 Aylık,1.5,0.38,16.9,4.1,14.65,0,9,42.22,-1.07,2,0.71,2,2.1,4684.49,5.0,640,9
2026-OGR-0181,2026-04-30,11. Sınıf,Dil,Tier 3,Düşük,3 Aylık,2.2,0.59,10.3,5.9,11.56,1,13,61.2,0.94,1,1.09,1,3.0,1895.83,3.4,455,6
2026-OGR-0182,2026-04-06,11. Sınıf,Eşit Ağırlık,Tier 3,Düşük,3 Aylık,10.7,0.66,8.1,6.6,21.16,1,12,61.27,8.15,1,2.17,1,,1725.08,0.6,556,10
2026-OGR-0185,2025-06-23,11. Sınıf,Eşit Ağırlık,Tier 2,Yüksek,Aylık,4.6,0.66,14.7,10.5,15.58,4,12,45.13,-4.04,0,0.49,4,3.0,1757.27,1.8,298,7
2026-OGR-0187,2025-09-18,Mezun,Sayısal,Tier 3,Yüksek,Yıllık,9.2,0.76,18.6,15.6,0.29,2,9,72.13,3.45,1,6.9,2,3.7,5024.46,2.1,497,10
2026-OGR-0188,2026-02-08,12. Sınıf,Sayısal,Tier 2,Yüksek,3 Aylık,2.6,0.75,9.6,5.5,9.33,1,9,65.99,-3.04,3,9.36,4,4.7,18929.78,4.6,532,6
2026-OGR-0189,2025-05-11,12. Sınıf,Sözel,Tier 2,Yüksek,Aylık,5.3,0.48,18.1,6.4,5.42,1,9,44.66,-1.93,1,2.64,2,,1884.17,4.6,493,15
2026-OGR-0190,2025-07-05,12. Sınıf,Sözel,Tier 1 (Büyükşehir),Orta,Aylık,5.7,0.66,8.1,4.6,11.29,0,8,46.65,2.64,0,6.47,2,4.0,17143.24,2.2,253,10
2026-OGR-0191,2025-03-01,Mezun,Eşit Ağırlık,Tier 3,Orta,3 Aylık,3.4,0.61,14.4,7.1,12.6,2,10,57.08,4.35,1,0.87,3,4.5,4789.84,2.6,213,12
2026-OGR-0192,2026-06-10,12. Sınıf,Sayısal,Tier 1 (Büyükşehir),Orta,Aylık,1.3,0.72,14.9,10.5,2.9,1,10,54.18,-1.94,2,0.92,2,3.8,5650.2,1.1,465,4
2026-OGR-0193,2025-01-13,Mezun,Sayısal,Tier 1 (Büyükşehir),Düşük,Aylık,2.0,0.79,18.0,8.8,14.2,4,16,73.76,-4.08,1,2.33,2,4.5,4770.35,1.7,27,6
2026-OGR-0194,2025-08-19,11. Sınıf,Sözel,Tier 1 (Büyükşehir),Düşük,Yıllık,4.6,0.87,8.9,8.2,8.25,4,6,56.48,-4.77,0,7.16,1,3.8,1778.35,3.0,9,11
2026-OGR-0196,2026-03-15,11. Sınıf,Sayısal,Tier 1 (Büyükşehir),Düşük,3 Aylık,4.0,0.62,11.8,7.2,11.18,0,19,37.29,1.01,1,4.15,0,5.0,1844.18,3.4,204,12
2026-OGR-0197,2025-11-27,Mezun,Sayısal,Tier 1 (Büyükşehir),Orta,3 Aylık,3.7,0.81,19.7,23.1,13.6,3,12,54.62,5.89,1,2.38,0,3.7,1588.38,4.6,632,15
2026-OGR-0199,2026-03-20,12. Sınıf,Eşit Ağırlık,Tier 3,Orta,Aylık,7.0,0.85,21.1,19.3,6.62,0,11,38.45,-0.96,1,0.27,0,4.3,1843.05,3.3,235,2
2026-OGR-0200,2026-01-26,12. Sınıf,Sayısal,Tier 1 (Büyükşehir),Düşük,Aylık,5.7,0.39,17.2,7.7,6.06,1,8,47.83,-1.78,2,0.84,2,4.6,1867.38,0.9,378,11
2026-OGR-0201,2026-03-26,11. Sınıf,Sayısal,Tier 3,Yüksek,Aylık,10.6,0.88,12.9,9.0,35.22,3,9,58.39,-1.83,2,1.33,0,3.9,1601.4,5.3,564,6
2026-OGR-0202,2026-04-17,11. Sınıf,Dil,Tier 1 (Büyükşehir),Orta,Aylık,5.9,0.58,15.1,11.5,3.12,5,10,52.67,1.2,1,8.29,1,5.0,1699.35,4.2,637,10
2026-OGR-0205,2025-12-04,Mezun,Sayısal,Tier 3,Orta,3 Aylık,8.1,0.72,17.5,16.1,4.16,5,5,50.83,7.68,0,4.84,3,2.8,1770.43,3.6,518,8
2026-OGR-0208,2025-09-06,12. Sınıf,Sayısal,Tier 1 (Büyükşehir),Orta,Aylık,2.3,0.86,14.5,15.8,2.81,1,15,44.38,3.69,1,2.84,2,4.6,17845.36,4.2,572,13
2026-OGR-0210,2025-09-27,11. Sınıf,Sayısal,Tier 1 (Büyükşehir),Yüksek,Aylık,5.1,0.89,16.4,10.1,7.72,3,10,42.52,-3.17,2,4.48,2,3.6,4835.97,6.5,184,13
2026-OGR-0212,2026-06-09,12. Sınıf,Eşit Ağırlık,Tier 1 (Büyükşehir),Orta,Aylık,12.8,0.71,11.1,7.9,8.66,1,10,66.35,0.6,2,8.65,1,3.6,4280.92,4.1,147,16
2026-OGR-0213,2026-05-26,11. Sınıf,Sayısal,Tier 2,,3 Aylık,2.1,0.94,18.6,17.2,19.55,1,9,62.53,3.8,2,2.4,1,3.6,4245.51,2.0,604,8
2026-OGR-0214,2025-03-03,11. Sınıf,Eşit Ağırlık,Tier 1 (Büyükşehir),Yüksek,Aylık,5.5,0.68,16.1,12.3,4.12,3,12,48.46,0.07,0,0.35,0,3.1,4410.11,1.9,411,12
2026-OGR-0215,2025-04-23,12. Sınıf,Sayısal,Tier 1 (Büyükşehir),Orta,3 Aylık,3.6,0.75,16.7,13.7,10.43,0,14,59.63,-4.75,4,3.36,2,,16711.63,1.8,698,8
2026-OGR-0216,2026-05-17,Mezun,Sözel,Tier 1 (Büyükşehir),Orta,3 Aylık,3.0,0.79,7.0,6.2,17.49,2,8,,5.34,0,1.66,3,4.3,1737.46,1.4,260,9
2026-OGR-0217,2026-03-07,11. Sınıf,Eşit Ağırlık,Tier 1 (Büyükşehir),Orta,3 Aylık,8.4,0.9,6.6,6.7,6.0,3,16,61.14,-3.49,0,8.25,1,4.1,15670.7,2.1,665,12
2026-OGR-0218,2025-01-27,12. Sınıf,Eşit Ağırlık,Tier 1 (Büyükşehir),Orta,Aylık,1.3,0.78,13.2,,10.88,0,7,43.46,2.29,2,4.33,0,2.9,1732.59,2.5,685,8
2026-OGR-0219,2025-05-23,Mezun,Sayısal,Tier 2,Düşük,3 Aylık,1.0,0.94,12.9,,14.34,1,10,34.63,-1.65,1,1.82,2,4.2,2008.94,0.5,264,6
2026-OGR-0220,2025-03-18,Mezun,Eşit Ağırlık,Tier 3,Düşük,Aylık,7.2,0.79,17.7,13.6,2.41,0,17,44.94,-0.56,2,0.2,0,3.0,1709.07,2.9,453,4
2026-OGR-0221,2025-11-18,12. Sınıf,Dil,Tier 2,Düşük,Aylık,7.0,0.88,17.5,18.5,31.09,3,11,28.58,2.12,0,3.66,2,,4576.6,4.2,418,10
2026-OGR-0223,2025-12-20,Mezun,Dil,Tier 1 (Büyükşehir),Orta,Aylık,11.5,0.84,12.8,6.1,20.48,2,8,65.26,1.19,3,2.21,0,4.0,13489.81,1.0,507,7
2026-OGR-0225,2025-07-21,Mezun,Sayısal,Tier 1 (Büyükşehir),Orta,3 Aylık,1.9,0.61,15.6,7.9,3.14,0,14,46.02,2.86,1,2.53,0,3.1,4787.16,7.6,148,14
2026-OGR-0226,2025-12-30,Mezun,Sayısal,Tier 1 (Büyükşehir),Yüksek,Aylık,2.1,0.9,17.2,12.7,8.27,2,9,69.72,1.69,0,1.07,2,3.4,1847.98,3.7,350,12
2026-OGR-0228,2025-12-21,12. Sınıf,Sözel,Tier 3,Orta,Aylık,7.4,0.69,15.2,11.3,5.63,2,12,75.52,0.18,1,7.02,1,2.7,14155.34,3.6,680,10
2026-OGR-0230,2025-07-03,12. Sınıf,Dil,Tier 2,Düşük,3 Aylık,1.3,0.5,10.6,7.0,26.17,0,9,61.91,0.71,0,1.67,2,,1824.47,2.3,684,7
2026-OGR-0232,2026-06-04,12. Sınıf,Sayısal,Tier 1 (Büyükşehir),Düşük,3 Aylık,3.5,0.83,8.6,7.2,16.37,2,9,55.86,-1.34,0,3.94,2,2.7,1724.34,3.7,250,10
2026-OGR-0233,2025-09-27,Mezun,Sayısal,Tier 2,Yüksek,Aylık,4.5,0.87,15.2,14.7,16.0,1,6,36.43,-5.04,1,2.48,1,4.1,17350.06,1.5,580,11
2026-OGR-0236,2025-02-21,12. Sınıf,Sözel,Tier 2,Orta,Aylık,7.7,0.72,8.5,5.9,29.85,2,12,54.35,7.33,2,0.54,0,4.2,5081.97,4.0,634,6
2026-OGR-0237,2025-02-25,Mezun,Eşit Ağırlık,Tier 2,Düşük,Aylık,1.4,0.77,7.7,,27.41,4,15,50.62,3.76,1,10.77,2,3.0,4383.89,3.8,63,11
2026-OGR-0238,2025-07-12,12. Sınıf,Sözel,Tier 2,Düşük,Yıllık,5.7,0.85,12.9,10.4,8.11,3,9,66.29,3.7,1,5.22,0,3.8,15808.85,1.9,617,7
2026-OGR-0239,2026-06-05,12. Sınıf,Sayısal,Tier 2,Düşük,Aylık,9.7,0.81,14.1,11.9,26.85,3,11,49.21,-0.49,2,8.17,1,3.6,16691.12,1.4,263,7
2026-OGR-0241,2026-06-10,11. Sınıf,Sözel,Tier 3,Yüksek,3 Aylık,7.1,0.53,13.8,6.7,11.73,1,10,40.12,1.9,5,0.4,0,3.3,15494.9,3.1,260,11
2026-OGR-0242,2025-11-21,11. Sınıf,Sayısal,Tier 2,,Yıllık,7.3,0.95,13.6,13.9,2.48,0,6,47.04,0.15,3,4.41,1,,1629.92,2.7,388,5
2026-OGR-0244,2025-02-02,12. Sınıf,Dil,Tier 1 (Büyükşehir),Yüksek,3 Aylık,7.4,0.95,14.9,15.8,32.29,4,11,31.97,1.01,2,4.1,1,2.2,13271.48,1.7,138,11
2026-OGR-0245,2025-02-16,12. Sınıf,Sayısal,Tier 3,Orta,Yıllık,4.8,0.85,14.1,11.7,39.69,0,7,53.51,4.73,0,2.31,1,5.0,1524.39,1.8,103,16
2026-OGR-0246,2025-07-31,Mezun,Sayısal,Tier 2,Yüksek,Aylık,12.0,0.87,15.7,12.5,22.63,1,15,65.34,-3.05,2,2.72,1,4.1,2065.18,1.5,631,7
2026-OGR-0248,2025-09-06,12. Sınıf,Sayısal,Tier 3,Yüksek,3 Aylık,5.8,0.68,9.5,7.0,22.14,3,12,53.97,-0.48,0,0.72,2,3.4,1752.89,6.4,323,4
2026-OGR-0249,2026-03-03,Mezun,Eşit Ağırlık,Tier 1 (Büyükşehir),Düşük,Aylık,2.1,0.64,15.9,11.0,27.2,0,9,37.74,-3.8,0,4.88,2,4.8,5939.57,1.9,365,14
2026-OGR-0250,2025-03-25,12. Sınıf,Sayısal,Tier 3,Orta,3 Aylık,16.9,0.76,12.9,10.7,24.44,2,8,30.76,1.93,1,2.95,0,3.0,14745.09,2.1,31,8
2026-OGR-0252,2025-08-18,11. Sınıf,Sözel,Tier 1 (Büyükşehir),Orta,3 Aylık,3.6,0.73,12.3,10.4,17.88,2,13,66.02,0.38,1,4.1,0,2.6,1721.04,0.3,393,9
2026-OGR-0253,2025-03-19,11. Sınıf,Sayısal,Tier 2,Orta,Yıllık,3.9,0.76,15.3,8.8,7.27,2,15,50.81,3.03,2,9.51,1,4.5,16379.52,2.4,224,12
2026-OGR-0256,2025-04-26,11. Sınıf,Eşit Ağırlık,Tier 2,Yüksek,Aylık,6.2,0.57,21.8,12.7,2.23,2,10,50.11,0.83,0,7.3,0,4.1,1944.61,3.1,85,13
2026-OGR-0258,2026-06-14,Mezun,Sözel,Tier 1 (Büyükşehir),Düşük,Aylık,3.5,0.89,18.6,16.7,42.31,0,11,56.76,2.54,1,3.82,3,2.9,4569.47,1.6,439,9
2026-OGR-0259,2026-01-10,Mezun,Eşit Ağırlık,Tier 3,Orta,3 Aylık,9.4,0.58,15.4,8.0,3.74,2,16,35.99,2.12,1,0.73,1,2.9,2029.22,1.0,412,11
2026-OGR-0260,2025-08-20,Mezun,Eşit Ağırlık,Tier 2,Yüksek,3 Aylık,5.6,0.82,12.7,11.5,2.07,3,20,33.32,0.66,2,0.43,1,4.1,1554.79,2.1,357,10
2026-OGR-0261,2026-05-20,12. Sınıf,Eşit Ağırlık,Tier 2,Yüksek,Yıllık,0.5,0.83,12.5,9.1,3.06,2,10,37.81,2.05,0,0.43,1,3.7,1476.7,2.3,651,11
2026-OGR-0262,2026-03-31,12. Sınıf,Sayısal,Tier 1 (Büyükşehir),,3 Aylık,5.1,0.72,16.0,14.7,6.67,2,10,48.9,5.57,2,5.57,1,3.7,1734.6,0.5,581,12
2026-OGR-0263,2025-09-08,Mezun,Eşit Ağırlık,Tier 3,Orta,3 Aylık,18.2,0.71,22.9,10.6,9.42,4,14,49.08,-5.56,1,2.07,0,4.1,2060.13,2.6,274,8
2026-OGR-0265,2026-06-10,11. Sınıf,Sayısal,Tier 3,Yüksek,Aylık,1.8,0.77,13.2,10.2,10.3,1,15,47.88,-3.4,1,2.56,1,3.8,1607.51,6.9,370,9
2026-OGR-0266,2025-11-08,12. Sınıf,Eşit Ağırlık,Tier 1 (Büyükşehir),Düşük,Aylık,7.3,0.53,20.0,11.2,9.83,2,11,58.43,3.79,1,1.69,1,4.5,16919.29,0.9,158,8
2026-OGR-0269,2025-03-10,12. Sınıf,Sayısal,Tier 1 (Büyükşehir),Orta,Aylık,6.5,0.63,5.3,2.5,15.31,3,19,36.25,-0.34,1,0.37,1,3.7,1723.19,1.9,239,16
2026-OGR-0270,2025-05-13,11. Sınıf,Sayısal,Tier 2,Düşük,3 Aylık,3.8,0.79,9.5,6.2,13.41,2,8,33.15,-0.88,0,6.56,3,3.4,15486.04,3.0,649,9
2026-OGR-0271,2025-08-12,12. Sınıf,Sayısal,Tier 1 (Büyükşehir),Orta,3 Aylık,2.7,0.55,9.7,6.4,5.68,1,9,55.22,-2.47,0,0.65,1,4.0,1358.78,0.8,161,9
2026-OGR-0272,2025-04-23,11. Sınıf,Sayısal,Tier 2,Düşük,Aylık,5.9,0.93,14.3,12.7,26.14,4,14,65.38,-0.06,1,4.3,0,3.7,1637.71,1.6,296,13
2026-OGR-0276,2026-03-12,12. Sınıf,Sözel,Tier 1 (Büyükşehir),Orta,Aylık,7.2,0.89,14.7,12.7,0.46,3,16,61.74,-1.68,1,0.43,2,,1565.98,3.8,130,10
2026-OGR-0277,2026-02-23,Mezun,Sayısal,Tier 1 (Büyükşehir),Düşük,Aylık,7.9,0.73,16.6,10.8,12.25,2,11,66.08,0.49,0,4.72,1,3.6,17741.24,4.7,282,10
2026-OGR-0278,2025-11-14,12. Sınıf,Sözel,Tier 1 (Büyükşehir),Orta,3 Aylık,4.0,0.74,19.5,15.5,9.89,3,11,46.31,-2.69,0,0.85,1,4.3,5233.81,12.0,317,8
2026-OGR-0280,2025-09-24,Mezun,Sözel,Tier 3,,Aylık,2.0,0.63,11.7,7.9,12.29,4,14,33.1,-3.7,0,0.43,1,4.0,17268.04,1.1,455,12
2026-OGR-0281,2026-01-30,11. Sınıf,Eşit Ağırlık,Tier 2,Orta,Aylık,0.5,0.71,19.9,11.7,6.92,1,12,60.85,1.11,0,3.36,0,4.2,4900.7,3.2,68,7
2026-OGR-0282,2025-08-04,11. Sınıf,Eşit Ağırlık,Tier 3,Yüksek,Aylık,14.6,0.61,22.4,10.8,4.47,0,6,61.08,-4.74,1,10.0,1,4.4,18229.59,4.7,207,8
2026-OGR-0283,2025-03-09,12. Sınıf,Eşit Ağırlık,Tier 2,Yüksek,Aylık,6.2,0.59,13.9,7.8,4.35,1,14,39.36,1.05,1,10.29,2,3.4,1695.36,1.9,98,5
2026-OGR-0284,2025-05-18,Mezun,Eşit Ağırlık,Tier 1 (Büyükşehir),Orta,3 Aylık,7.0,0.57,11.1,6.9,6.67,1,12,48.69,-0.92,2,2.39,0,5.0,1782.72,4.8,435,10
2026-OGR-0285,2025-08-22,11. Sınıf,Sözel,Tier 1 (Büyükşehir),Yüksek,3 Aylık,1.4,0.87,16.0,11.5,19.55,2,14,31.39,-1.29,0,1.78,0,4.2,1578.95,3.2,519,14
2026-OGR-0286,2025-12-18,11. Sınıf,Sayısal,Tier 1 (Büyükşehir),Düşük,Aylık,2.7,0.42,13.4,7.6,19.64,1,9,64.67,6.08,0,0.99,0,4.2,3960.17,3.6,573,6
2026-OGR-0287,2025-01-15,11. Sınıf,Eşit Ağırlık,Tier 1 (Büyükşehir),Düşük,Aylık,5.3,0.84,11.1,8.8,18.07,2,9,57.25,-1.99,1,4.88,1,2.0,5019.92,7.3,185,6
2026-OGR-0288,2025-12-17,12. Sınıf,Sayısal,Tier 1 (Büyükşehir),Yüksek,Aylık,13.0,0.48,14.4,5.9,4.95,1,14,63.19,5.22,1,7.28,1,2.7,4183.76,2.2,591,9
2026-OGR-0289,2026-02-18,Mezun,Sözel,Tier 3,Yüksek,3 Aylık,5.9,0.69,13.7,9.2,22.08,2,15,52.18,-2.24,0,1.32,0,3.3,18224.98,2.2,218,11
2026-OGR-0290,2026-05-16,Mezun,Eşit Ağırlık,Tier 1 (Büyükşehir),Düşük,Aylık,2.3,0.69,15.2,11.3,12.94,2,11,43.19,2.46,3,2.33,0,,4776.81,6.4,76,8
2026-OGR-0291,2025-08-03,11. Sınıf,Eşit Ağırlık,Tier 1 (Büyükşehir),Orta,3 Aylık,4.0,0.89,14.0,11.3,4.35,2,18,56.02,-4.56,1,5.14,0,4.8,18190.52,4.0,594,8
2026-OGR-0292,2025-02-04,Mezun,Sayısal,Tier 1 (Büyükşehir),Orta,3 Aylık,4.2,0.79,15.8,11.0,9.84,3,15,53.91,-0.44,3,6.33,1,4.4,15955.99,3.1,215,11
2026-OGR-0294,2025-12-22,12. Sınıf,Sayısal,Tier 2,Orta,Aylık,8.2,0.89,8.4,7.7,13.24,3,5,52.45,-2.85,4,3.06,2,3.4,1803.45,7.5,432,14
2026-OGR-0295,2025-10-20,11. Sınıf,Dil,Tier 2,Orta,Yıllık,5.5,0.68,15.4,10.6,11.05,3,12,37.73,1.27,0,4.17,0,3.1,1899.05,2.6,490,8
2026-OGR-0296,2025-08-29,12. Sınıf,Sayısal,Tier 1 (Büyükşehir),Orta,Aylık,0.5,0.45,6.2,3.4,13.69,0,11,55.76,-2.31,2,3.58,1,3.2,16470.81,3.8,8,5
2026-OGR-0297,2026-02-24,Mezun,Sayısal,Tier 3,Orta,Aylık,4.5,0.75,7.5,7.3,3.92,0,9,70.1,2.45,0,10.49,2,4.1,16516.02,4.8,690,10
2026-OGR-0303,2025-06-15,12. Sınıf,Sözel,Tier 2,Orta,Yıllık,6.8,0.42,14.8,4.6,12.01,1,14,40.14,1.92,0,2.99,0,3.7,1858.8,1.9,120,5
2026-OGR-0304,2026-06-28,11. Sınıf,Eşit Ağırlık,Tier 2,Yüksek,Yıllık,3.7,0.8,20.8,22.0,2.53,1,6,60.83,-2.3,1,0.46,2,4.0,4883.08,2.5,371,14
2026-OGR-0305,2026-01-25,Mezun,Dil,Tier 2,Düşük,Yıllık,8.9,0.75,17.1,13.9,11.42,3,19,57.91,3.1,0,5.46,0,3.5,18392.59,6.4,138,10
2026-OGR-0306,2025-02-07,Mezun,Sayısal,Tier 1 (Büyükşehir),Düşük,3 Aylık,1.6,0.71,15.2,10.2,9.94,0,14,,1.69,1,0.38,2,4.8,1736.67,3.4,495,11
2026-OGR-0307,2025-09-30,12. Sınıf,Sayısal,Tier 1 (Büyükşehir),Düşük,3 Aylık,9.7,0.63,20.1,9.7,4.5,1,18,36.49,-2.16,2,7.41,1,3.5,16362.59,5.3,464,5
2026-OGR-0308,2025-07-21,12. Sınıf,Sayısal,Tier 1 (Büyükşehir),Orta,Aylık,10.2,0.54,17.0,5.9,6.22,1,15,57.13,-0.26,2,6.62,0,4.8,5125.47,2.2,287,9
2026-OGR-0309,2025-01-09,11. Sınıf,Eşit Ağırlık,Tier 1 (Büyükşehir),Orta,Aylık,7.9,0.51,11.7,4.8,5.49,2,10,67.06,0.64,1,1.48,0,3.4,4335.84,3.7,64,12
2026-OGR-0310,2025-12-31,11. Sınıf,Sayısal,Tier 1 (Büyükşehir),Orta,Aylık,2.0,0.92,9.0,8.1,9.62,3,13,,-2.84,2,4.7,0,4.2,1771.39,3.6,83,16
2026-OGR-0313,2026-06-16,Mezun,Sayısal,Tier 1 (Büyükşehir),Yüksek,3 Aylık,5.8,0.88,12.3,9.5,27.88,1,11,,6.59,1,0.51,0,4.5,4976.45,2.6,41,10
2026-OGR-0314,2026-01-22,12. Sınıf,Sayısal,Tier 1 (Büyükşehir),Yüksek,3 Aylık,9.0,0.48,21.6,7.1,6.07,5,13,39.23,-4.76,0,3.59,1,3.0,4103.86,0.6,695,16
2026-OGR-0315,2025-08-23,12. Sınıf,Sözel,Tier 1 (Büyükşehir),,3 Aylık,2.2,0.94,13.9,10.6,14.79,6,12,71.52,2.83,0,1.16,3,3.3,1369.72,2.0,410,6
2026-OGR-0316,2025-12-05,Mezun,Eşit Ağırlık,Tier 1 (Büyükşehir),Yüksek,Yıllık,1.7,0.53,10.8,6.2,15.37,4,11,68.74,-4.33,2,2.27,0,4.4,4952.37,1.6,682,10
2026-OGR-0317,2026-02-28,12. Sınıf,Eşit Ağırlık,Tier 1 (Büyükşehir),Düşük,3 Aylık,4.6,0.9,11.6,10.0,13.26,1,7,39.8,-1.14,1,3.09,1,,4974.7,2.0,605,16
2026-OGR-0318,2026-06-13,12. Sınıf,Eşit Ağırlık,Tier 2,Düşük,3 Aylık,6.9,0.65,15.7,12.0,28.8,1,10,61.17,-7.18,1,0.66,1,4.9,1840.53,4.1,686,15
2026-OGR-0319,2026-01-30,Mezun,Eşit Ağırlık,Tier 1 (Büyükşehir),Yüksek,Aylık,8.5,0.88,13.6,12.3,14.31,4,9,57.77,-0.52,1,6.92,0,,15461.45,3.4,121,8
2026-OGR-0320,2026-02-08,12. Sınıf,Sayısal,Tier 2,Orta,3 Aylık,0.8,0.48,12.1,5.6,17.41,4,9,53.36,1.79,1,0.61,0,3.6,2017.0,3.8,479,9
2026-OGR-0321,2025-07-01,12. Sınıf,Sayısal,Tier 1 (Büyükşehir),Orta,Aylık,1.7,0.76,14.5,12.4,11.63,2,13,46.15,1.26,0,0.16,3,4.1,15879.23,0.4,636,7
2026-OGR-0322,2025-02-09,12. Sınıf,Sayısal,Tier 2,Yüksek,Aylık,11.4,0.93,12.3,11.1,19.44,2,12,55.37,-5.62,1,3.45,2,4.1,4769.04,7.5,163,6
2026-OGR-0323,2025-02-06,Mezun,Sayısal,Tier 1 (Büyükşehir),Yüksek,Yıllık,6.5,0.62,16.6,8.2,2.42,1,11,45.59,-2.64,0,8.32,2,5.0,1782.15,0.6,696,11
2026-OGR-0324,2025-12-02,Mezun,Eşit Ağırlık,Tier 3,,Yıllık,10.4,0.81,14.8,11.1,12.85,3,14,41.84,-0.35,0,12.04,1,3.2,2065.48,4.3,237,7
2026-OGR-0325,2026-02-06,Mezun,Sayısal,Tier 1 (Büyükşehir),Orta,Aylık,9.4,0.72,15.6,8.8,3.81,4,11,57.42,-0.43,0,0.86,1,4.0,1446.11,0.2,85,13
2026-OGR-0326,2025-12-26,12. Sınıf,Eşit Ağırlık,Tier 2,Yüksek,Aylık,9.3,0.54,13.8,7.5,14.06,1,22,65.91,-1.94,0,10.19,2,4.4,4919.03,1.6,646,8
2026-OGR-0327,2025-10-11,Mezun,Sözel,Tier 1 (Büyükşehir),Orta,3 Aylık,2.7,0.79,12.0,9.3,10.03,1,12,61.36,1.35,1,2.71,2,,20214.95,3.0,87,8
2026-OGR-0328,2025-05-15,Mezun,Sayısal,Tier 3,Düşük,Aylık,5.2,0.91,13.7,11.9,21.97,1,5,56.05,-1.12,1,4.34,1,4.1,4998.22,2.3,337,7
2026-OGR-0329,2025-07-11,12. Sınıf,Eşit Ağırlık,Tier 2,Orta,Aylık,4.7,0.83,13.7,12.9,4.87,2,8,72.61,1.56,1,4.16,0,2.8,16253.99,3.0,670,8
2026-OGR-0330,2026-04-20,Mezun,Eşit Ağırlık,Tier 3,Yüksek,Yıllık,3.5,0.86,13.1,10.5,12.44,6,12,39.06,-2.55,0,0.48,1,3.0,4856.86,2.4,460,5
2026-OGR-0332,2025-12-27,12. Sınıf,Sayısal,Tier 3,Yüksek,3 Aylık,2.1,0.84,8.8,9.1,34.25,2,9,71.2,2.85,4,1.29,3,,16483.76,3.0,131,5
2026-OGR-0333,2026-04-16,11. Sınıf,Eşit Ağırlık,Tier 3,Yüksek,Yıllık,3.1,0.35,12.8,5.7,8.29,4,7,39.31,1.93,0,2.44,0,3.4,1577.41,1.1,532,10
2026-OGR-0335,2026-04-08,12. Sınıf,Sayısal,Tier 3,Düşük,Aylık,2.8,0.79,20.3,16.0,12.95,4,13,49.14,2.36,0,2.17,1,2.8,4152.51,2.8,300,9
2026-OGR-0336,2025-11-15,Mezun,Sayısal,Tier 3,Orta,Yıllık,3.7,0.91,12.8,7.9,4.03,4,13,38.52,0.79,2,0.8,1,3.7,1778.9,7.5,296,14
2026-OGR-0337,2025-01-08,12. Sınıf,Sayısal,Tier 1 (Büyükşehir),Düşük,Yıllık,2.5,0.81,9.3,9.7,12.21,1,10,48.16,0.92,2,0.88,3,3.9,4785.41,3.6,116,1
2026-OGR-0338,2025-09-06,Mezun,Sözel,Tier 1 (Büyükşehir),Düşük,Yıllık,8.6,0.68,4.9,4.0,15.22,2,8,50.54,0.39,0,0.4,3,3.4,1797.51,4.2,683,10
2026-OGR-0339,2025-08-31,Mezun,Eşit Ağırlık,Tier 2,Düşük,Yıllık,3.4,0.9,11.5,8.7,8.34,3,11,65.97,-4.45,1,3.14,6,4.2,1683.69,2.2,472,5
2026-OGR-0340,2026-03-25,Mezun,Sözel,Tier 1 (Büyükşehir),Düşük,3 Aylık,3.7,0.8,18.3,15.2,10.56,0,10,63.28,1.55,0,1.33,1,4.6,1747.07,2.7,227,4
2026-OGR-0341,2026-05-15,Mezun,Sayısal,Tier 3,Düşük,Aylık,13.9,0.67,13.0,9.8,7.87,0,10,76.65,-0.7,0,2.01,1,4.5,2148.81,1.3,36,9
2026-OGR-0344,2026-05-11,12. Sınıf,Sayısal,Tier 1 (Büyükşehir),Orta,Aylık,7.2,0.78,19.7,14.5,19.33,6,12,50.58,-1.2,2,2.67,1,4.2,1882.71,4.4,152,11
2026-OGR-0345,2026-01-07,Mezun,Sayısal,Tier 3,Yüksek,Yıllık,3.6,0.69,16.7,12.3,5.81,3,17,42.64,-0.65,0,0.28,0,3.6,1729.07,0.8,33,17
2026-OGR-0348,2025-03-15,11. Sınıf,Eşit Ağırlık,Tier 3,Orta,Aylık,1.9,0.67,14.7,5.2,20.17,2,11,34.55,-0.26,0,1.91,3,4.0,1703.19,1.3,505,8
2026-OGR-0350,2025-07-30,11. Sınıf,Sayısal,Tier 2,,Aylık,13.4,0.8,12.5,11.7,7.12,1,12,53.06,-1.25,4,4.19,1,3.5,18196.86,2.4,490,6
2026-OGR-0352,2025-06-29,12. Sınıf,Eşit Ağırlık,Tier 1 (Büyükşehir),Orta,3 Aylık,9.4,0.61,12.0,5.4,3.42,1,10,53.57,-7.47,1,11.07,1,,4269.59,3.1,29,7
2026-OGR-0353,2025-11-25,12. Sınıf,Eşit Ağırlık,Tier 2,Düşük,3 Aylık,2.7,0.85,14.3,11.2,11.87,1,10,55.1,-2.34,0,2.84,1,3.8,5362.19,1.8,348,7
2026-OGR-0354,2026-03-21,12. Sınıf,Dil,Tier 1 (Büyükşehir),Orta,Aylık,5.4,0.61,12.7,6.6,10.45,0,10,53.34,-2.12,1,4.35,2,2.8,1714.02,3.5,628,13
2026-OGR-0355,2025-11-08,12. Sınıf,Sayısal,Tier 1 (Büyükşehir),Orta,Yıllık,1.1,0.66,8.8,,2.87,5,12,65.35,-4.23,2,5.76,2,3.7,4242.78,1.0,186,8
2026-OGR-0356,2026-03-16,11. Sınıf,Sayısal,Tier 1 (Büyükşehir),Orta,Aylık,9.7,0.65,20.4,17.4,16.47,3,10,47.28,5.07,2,2.38,1,4.0,14945.06,3.3,381,6
2026-OGR-0357,2026-03-09,Mezun,Sözel,Tier 2,Orta,Aylık,8.7,0.89,15.4,13.7,11.68,1,15,44.54,0.94,2,4.53,1,4.7,1857.55,2.0,558,13
2026-OGR-0358,2025-04-09,12. Sınıf,Eşit Ağırlık,Tier 2,Orta,Aylık,3.1,0.56,6.5,3.1,24.06,3,13,59.4,2.77,0,4.65,1,4.2,16740.72,3.8,673,4
2026-OGR-0359,2025-05-27,12. Sınıf,Sayısal,Tier 2,Yüksek,Aylık,8.5,0.78,17.7,17.2,11.65,2,7,57.58,0.96,3,1.0,2,4.4,1830.36,3.1,598,11
2026-OGR-0362,2026-03-14,Mezun,Sayısal,Tier 1 (Büyükşehir),Düşük,Aylık,7.7,0.84,10.0,9.6,4.54,2,12,48.17,0.39,2,1.39,1,4.1,4462.27,1.1,201,11
2026-OGR-0363,2026-01-26,12. Sınıf,Sayısal,Tier 2,Orta,Aylık,8.2,0.53,12.9,5.2,17.24,1,12,28.68,-4.92,0,2.94,0,2.8,5207.98,2.2,351,8
2026-OGR-0364,2025-09-11,12. Sınıf,Eşit Ağırlık,Tier 1 (Büyükşehir),Orta,3 Aylık,1.4,0.56,17.0,9.9,12.89,4,9,66.12,-1.03,1,2.99,1,4.6,4675.28,3.0,260,4
2026-OGR-0365,2025-09-29,Mezun,Sayısal,Tier 1 (Büyükşehir),Orta,3 Aylık,5.7,0.82,13.4,11.5,4.24,1,11,71.83,4.12,1,2.87,1,3.1,1804.85,2.3,403,3
2026-OGR-0366,2026-06-04,Mezun,Sayısal,Tier 2,Orta,3 Aylık,5.1,0.54,10.6,5.1,6.92,0,13,78.24,0.98,0,1.94,1,,1756.98,2.8,637,11
2026-OGR-0367,2026-04-19,12. Sınıf,Sözel,Tier 1 (Büyükşehir),Orta,3 Aylık,4.2,0.68,10.2,7.2,7.41,2,13,36.56,-1.41,1,5.92,1,3.5,5090.2,3.6,577,9
2026-OGR-0368,2026-03-28,11. Sınıf,Dil,Tier 2,Yüksek,Aylık,10.9,0.76,12.1,9.0,10.01,1,16,33.97,-2.31,2,2.59,2,2.8,1560.45,2.8,647,9
2026-OGR-0370,2025-10-30,12. Sınıf,Sayısal,Tier 1 (Büyükşehir),Düşük,Aylık,9.3,0.97,11.7,11.7,9.02,1,13,47.19,-1.04,4,0.65,2,2.3,1813.7,2.8,184,6
2026-OGR-0371,2025-10-21,12. Sınıf,Sayısal,Tier 1 (Büyükşehir),Orta,Aylık,7.3,0.56,13.8,6.2,20.82,2,7,57.67,-1.22,1,2.66,0,5.0,17930.03,0.2,397,8
2026-OGR-0372,2025-02-15,12. Sınıf,Sayısal,Tier 1 (Büyükşehir),Orta,3 Aylık,1.1,0.81,17.6,13.7,9.06,1,11,43.85,-3.33,4,2.15,0,4.4,17173.06,0.5,523,6
2026-OGR-0375,2026-04-02,12. Sınıf,Sayısal,Tier 1 (Büyükşehir),Düşük,Aylık,2.5,0.71,14.1,8.3,2.34,1,8,70.9,-2.19,0,3.49,0,4.2,1693.31,3.6,180,4
2026-OGR-0376,2026-04-05,12. Sınıf,Eşit Ağırlık,Tier 1 (Büyükşehir),Orta,Aylık,7.3,0.77,16.6,16.9,18.94,1,8,56.26,6.74,2,4.32,0,4.1,4871.64,1.5,649,8
2026-OGR-0377,2026-04-29,12. Sınıf,Sözel,Tier 1 (Büyükşehir),Orta,Aylık,3.3,0.67,12.2,8.1,12.33,4,8,61.54,-0.96,2,0.07,1,3.0,1974.03,2.2,516,9
2026-OGR-0378,2026-03-14,11. Sınıf,Sayısal,Tier 1 (Büyükşehir),Orta,3 Aylık,4.2,0.99,10.7,11.2,16.36,2,10,41.98,1.32,3,0.67,2,3.0,1624.92,0.8,368,11
2026-OGR-0379,2026-01-23,12. Sınıf,Eşit Ağırlık,Tier 1 (Büyükşehir),Orta,Aylık,4.2,0.5,13.4,,28.3,0,8,45.6,-1.65,0,4.16,3,3.9,14985.09,2.6,397,9
2026-OGR-0380,2026-01-02,11. Sınıf,Sayısal,Tier 2,Yüksek,Aylık,4.9,0.9,16.5,15.0,7.0,4,9,42.78,0.13,1,4.13,1,3.8,1763.19,3.1,343,9
2026-OGR-0381,2025-02-23,12. Sınıf,Sözel,Tier 2,Orta,Aylık,1.9,0.42,11.6,4.1,13.42,2,14,,4.59,2,2.0,1,2.5,16958.86,5.5,138,10
2026-OGR-0382,2026-03-25,12. Sınıf,Eşit Ağırlık,Tier 2,Düşük,Aylık,6.6,0.43,9.4,4.3,13.12,3,12,54.07,0.06,0,1.89,0,3.6,4662.98,0.9,17,12
2026-OGR-0384,2026-01-23,12. Sınıf,Sayısal,Tier 1 (Büyükşehir),Orta,Yıllık,16.7,0.76,13.2,9.1,7.04,1,12,49.01,-0.16,4,3.77,0,4.5,5430.37,3.3,689,9
2026-OGR-0385,2025-11-28,11. Sınıf,Sayısal,Tier 2,Yüksek,Yıllık,6.9,0.67,13.9,9.0,38.27,0,12,45.89,0.88,2,0.88,0,3.1,4677.02,3.2,221,6
2026-OGR-0386,2025-04-13,12. Sınıf,Eşit Ağırlık,Tier 1 (Büyükşehir),Düşük,Aylık,6.6,0.92,22.5,16.3,11.64,4,12,68.72,3.26,0,4.41,0,3.6,1989.27,6.5,477,11
2026-OGR-0387,2025-01-28,12. Sınıf,Dil,Tier 1 (Büyükşehir),Orta,Aylık,8.4,0.85,14.7,9.2,20.56,1,8,65.33,1.85,1,4.72,1,4.0,1942.63,2.8,184,7
2026-OGR-0389,2025-12-11,12. Sınıf,Sayısal,Tier 3,Orta,3 Aylık,4.0,0.93,14.0,14.3,6.15,1,10,59.66,5.16,0,2.7,2,,1768.0,3.4,521,6
2026-OGR-0391,2025-03-18,Mezun,Eşit Ağırlık,Tier 1 (Büyükşehir),Düşük,Aylık,0.7,0.88,15.3,20.0,13.78,1,12,29.12,1.96,2,1.05,1,2.9,1574.01,3.0,139,7
2026-OGR-0392,2025-02-22,12. Sınıf,Eşit Ağırlık,Tier 2,Yüksek,3 Aylık,3.9,0.88,12.0,8.3,6.97,2,13,54.98,-3.93,1,4.88,1,3.9,1569.33,3.3,160,7
2026-OGR-0393,2025-09-10,Mezun,Sayısal,Tier 1 (Büyükşehir),Orta,3 Aylık,11.0,0.78,14.3,12.2,4.36,1,8,61.58,-4.84,1,1.87,2,4.5,1764.71,1.5,518,10
2026-OGR-0394,2025-12-02,11. Sınıf,Sayısal,Tier 1 (Büyükşehir),Yüksek,3 Aylık,0.7,0.8,17.2,18.9,7.48,1,12,,-1.57,1,0.69,3,2.7,1752.09,3.5,270,9
2026-OGR-0395,2025-10-23,11. Sınıf,Eşit Ağırlık,Tier 1 (Büyükşehir),Orta,Aylık,17.0,0.55,8.6,3.3,3.11,2,13,44.61,-1.43,1,2.34,1,4.2,2104.98,0.9,490,8
2026-OGR-0396,2025-04-19,11. Sınıf,Sözel,Tier 3,Düşük,Aylık,6.4,0.88,12.5,8.9,16.27,2,11,47.59,-1.57,1,8.75,0,,14055.99,1.8,141,11
2026-OGR-0397,2026-01-20,12. Sınıf,Dil,Tier 1 (Büyükşehir),Yüksek,3 Aylık,8.0,0.73,16.8,9.7,18.52,4,4,44.85,1.19,0,0.38,1,,1706.97,2.9,600,11
2026-OGR-0399,2025-11-27,Mezun,Dil,Tier 2,,Yıllık,9.9,0.79,12.2,10.7,18.83,3,9,38.72,-3.0,1,9.54,1,4.7,1902.78,5.0,326,3
